review,date,source,review_id,sentences,sentence_id,sentence,sent_len,sentiment_new,themes,themes_bow,variable,themes_relation_extraction,themes_keyword,theme_len
"We are here for you , even if that looks different these days .  For realtime updates on our response to customer and partner employee safety please visit",2020-03-20 01:38:47,Twitter,1,"['We are here for you , even if that looks different these days .', 'For realtime updates on our response to customer and partner employee safety please visit']",0,even looks different days,63,Neutral,['days'],days,0,days,day,3
"We are here for you , even if that looks different these days .  For realtime updates on our response to customer and partner employee safety please visit",2020-03-20 01:38:47,Twitter,1,"['We are here for you , even if that looks different these days .', 'For realtime updates on our response to customer and partner employee safety please visit']",1,realtime updates response customer partner employee safety please visit,89,Negative,"['customer', 'employee', 'partner', 'response', 'safety', 'updates']",customer|employee|partner|response|safety|updates,0,customer,customer,8
"We are here for you , even if that looks different these days .  For realtime updates on our response to customer and partner employee safety please visit",2020-03-20 01:38:47,Twitter,1,"['We are here for you , even if that looks different these days .', 'For realtime updates on our response to customer and partner employee safety please visit']",1,realtime updates response customer partner employee safety please visit,89,Negative,"['customer', 'employee', 'partner', 'response', 'safety', 'updates']",customer|employee|partner|response|safety|updates,1,employee,employee,8
"We are here for you , even if that looks different these days .  For realtime updates on our response to customer and partner employee safety please visit",2020-03-20 01:38:47,Twitter,1,"['We are here for you , even if that looks different these days .', 'For realtime updates on our response to customer and partner employee safety please visit']",1,realtime updates response customer partner employee safety please visit,89,Negative,"['customer', 'employee', 'partner', 'response', 'safety', 'updates']",customer|employee|partner|response|safety|updates,2,partner,partner,7
"We are here for you , even if that looks different these days .  For realtime updates on our response to customer and partner employee safety please visit",2020-03-20 01:38:47,Twitter,1,"['We are here for you , even if that looks different these days .', 'For realtime updates on our response to customer and partner employee safety please visit']",1,realtime updates response customer partner employee safety please visit,89,Negative,"['customer', 'employee', 'partner', 'response', 'safety', 'updates']",customer|employee|partner|response|safety|updates,3,response,response,8
"We are here for you , even if that looks different these days .  For realtime updates on our response to customer and partner employee safety please visit",2020-03-20 01:38:47,Twitter,1,"['We are here for you , even if that looks different these days .', 'For realtime updates on our response to customer and partner employee safety please visit']",1,realtime updates response customer partner employee safety please visit,89,Negative,"['customer', 'employee', 'partner', 'response', 'safety', 'updates']",customer|employee|partner|response|safety|updates,4,safety,safety,6
"We are here for you , even if that looks different these days .  For realtime updates on our response to customer and partner employee safety please visit",2020-03-20 01:38:47,Twitter,1,"['We are here for you , even if that looks different these days .', 'For realtime updates on our response to customer and partner employee safety please visit']",1,realtime updates response customer partner employee safety please visit,89,Negative,"['customer', 'employee', 'partner', 'response', 'safety', 'updates']",customer|employee|partner|response|safety|updates,5,updates,update,6
"As a part of our ongoing commitment to support partners employees mental health , Starbucks will provide all U. S.  and eligible family members access 20 sessions year with therapist or coach through LyraHealth .  httpssbux. coLyra",2020-03-16 19:32:11,Twitter,2,"['As a part of our ongoing commitment to support partners employees mental health , Starbucks will provide all U. S.  and eligible family members access 20 sessions year with therapist or coach through LyraHealth .', 'httpssbux.', 'coLyra']",0,part ongoing commitment support partners employees mental health provide eligible family members access sessions year therapist coach,212,Negative,"['access', 'coach', 'commitment', 'employees', 'family', 'health', 'members', 'partners', 'sessions', 'support', 'therapist', 'year']",access|coach|commitment|employees|family|health|members|partners|sessions|support|therapist|year,0,access,access,6
"As a part of our ongoing commitment to support partners employees mental health , Starbucks will provide all U. S.  and eligible family members access 20 sessions year with therapist or coach through LyraHealth .  httpssbux. coLyra",2020-03-16 19:32:11,Twitter,2,"['As a part of our ongoing commitment to support partners employees mental health , Starbucks will provide all U. S.  and eligible family members access 20 sessions year with therapist or coach through LyraHealth .', 'httpssbux.', 'coLyra']",0,part ongoing commitment support partners employees mental health provide eligible family members access sessions year therapist coach,212,Negative,"['access', 'coach', 'commitment', 'employees', 'family', 'health', 'members', 'partners', 'sessions', 'support', 'therapist', 'year']",access|coach|commitment|employees|family|health|members|partners|sessions|support|therapist|year,1,coach,coach,5
"As a part of our ongoing commitment to support partners employees mental health , Starbucks will provide all U. S.  and eligible family members access 20 sessions year with therapist or coach through LyraHealth .  httpssbux. coLyra",2020-03-16 19:32:11,Twitter,2,"['As a part of our ongoing commitment to support partners employees mental health , Starbucks will provide all U. S.  and eligible family members access 20 sessions year with therapist or coach through LyraHealth .', 'httpssbux.', 'coLyra']",0,part ongoing commitment support partners employees mental health provide eligible family members access sessions year therapist coach,212,Negative,"['access', 'coach', 'commitment', 'employees', 'family', 'health', 'members', 'partners', 'sessions', 'support', 'therapist', 'year']",access|coach|commitment|employees|family|health|members|partners|sessions|support|therapist|year,2,commitment,commitment,10
"As a part of our ongoing commitment to support partners employees mental health , Starbucks will provide all U. S.  and eligible family members access 20 sessions year with therapist or coach through LyraHealth .  httpssbux. coLyra",2020-03-16 19:32:11,Twitter,2,"['As a part of our ongoing commitment to support partners employees mental health , Starbucks will provide all U. S.  and eligible family members access 20 sessions year with therapist or coach through LyraHealth .', 'httpssbux.', 'coLyra']",0,part ongoing commitment support partners employees mental health provide eligible family members access sessions year therapist coach,212,Negative,"['access', 'coach', 'commitment', 'employees', 'family', 'health', 'members', 'partners', 'sessions', 'support', 'therapist', 'year']",access|coach|commitment|employees|family|health|members|partners|sessions|support|therapist|year,3,employees,employee,8
"As a part of our ongoing commitment to support partners employees mental health , Starbucks will provide all U. S.  and eligible family members access 20 sessions year with therapist or coach through LyraHealth .  httpssbux. coLyra",2020-03-16 19:32:11,Twitter,2,"['As a part of our ongoing commitment to support partners employees mental health , Starbucks will provide all U. S.  and eligible family members access 20 sessions year with therapist or coach through LyraHealth .', 'httpssbux.', 'coLyra']",0,part ongoing commitment support partners employees mental health provide eligible family members access sessions year therapist coach,212,Negative,"['access', 'coach', 'commitment', 'employees', 'family', 'health', 'members', 'partners', 'sessions', 'support', 'therapist', 'year']",access|coach|commitment|employees|family|health|members|partners|sessions|support|therapist|year,4,family,family,6
"As a part of our ongoing commitment to support partners employees mental health , Starbucks will provide all U. S.  and eligible family members access 20 sessions year with therapist or coach through LyraHealth .  httpssbux. coLyra",2020-03-16 19:32:11,Twitter,2,"['As a part of our ongoing commitment to support partners employees mental health , Starbucks will provide all U. S.  and eligible family members access 20 sessions year with therapist or coach through LyraHealth .', 'httpssbux.', 'coLyra']",0,part ongoing commitment support partners employees mental health provide eligible family members access sessions year therapist coach,212,Negative,"['access', 'coach', 'commitment', 'employees', 'family', 'health', 'members', 'partners', 'sessions', 'support', 'therapist', 'year']",access|coach|commitment|employees|family|health|members|partners|sessions|support|therapist|year,5,health,health,6
"As a part of our ongoing commitment to support partners employees mental health , Starbucks will provide all U. S.  and eligible family members access 20 sessions year with therapist or coach through LyraHealth .  httpssbux. coLyra",2020-03-16 19:32:11,Twitter,2,"['As a part of our ongoing commitment to support partners employees mental health , Starbucks will provide all U. S.  and eligible family members access 20 sessions year with therapist or coach through LyraHealth .', 'httpssbux.', 'coLyra']",0,part ongoing commitment support partners employees mental health provide eligible family members access sessions year therapist coach,212,Negative,"['access', 'coach', 'commitment', 'employees', 'family', 'health', 'members', 'partners', 'sessions', 'support', 'therapist', 'year']",access|coach|commitment|employees|family|health|members|partners|sessions|support|therapist|year,6,members,member,6
"As a part of our ongoing commitment to support partners employees mental health , Starbucks will provide all U. S.  and eligible family members access 20 sessions year with therapist or coach through LyraHealth .  httpssbux. coLyra",2020-03-16 19:32:11,Twitter,2,"['As a part of our ongoing commitment to support partners employees mental health , Starbucks will provide all U. S.  and eligible family members access 20 sessions year with therapist or coach through LyraHealth .', 'httpssbux.', 'coLyra']",0,part ongoing commitment support partners employees mental health provide eligible family members access sessions year therapist coach,212,Negative,"['access', 'coach', 'commitment', 'employees', 'family', 'health', 'members', 'partners', 'sessions', 'support', 'therapist', 'year']",access|coach|commitment|employees|family|health|members|partners|sessions|support|therapist|year,7,partners,partner,7
"As a part of our ongoing commitment to support partners employees mental health , Starbucks will provide all U. S.  and eligible family members access 20 sessions year with therapist or coach through LyraHealth .  httpssbux. coLyra",2020-03-16 19:32:11,Twitter,2,"['As a part of our ongoing commitment to support partners employees mental health , Starbucks will provide all U. S.  and eligible family members access 20 sessions year with therapist or coach through LyraHealth .', 'httpssbux.', 'coLyra']",0,part ongoing commitment support partners employees mental health provide eligible family members access sessions year therapist coach,212,Negative,"['access', 'coach', 'commitment', 'employees', 'family', 'health', 'members', 'partners', 'sessions', 'support', 'therapist', 'year']",access|coach|commitment|employees|family|health|members|partners|sessions|support|therapist|year,8,sessions,session,7
"As a part of our ongoing commitment to support partners employees mental health , Starbucks will provide all U. S.  and eligible family members access 20 sessions year with therapist or coach through LyraHealth .  httpssbux. coLyra",2020-03-16 19:32:11,Twitter,2,"['As a part of our ongoing commitment to support partners employees mental health , Starbucks will provide all U. S.  and eligible family members access 20 sessions year with therapist or coach through LyraHealth .', 'httpssbux.', 'coLyra']",0,part ongoing commitment support partners employees mental health provide eligible family members access sessions year therapist coach,212,Negative,"['access', 'coach', 'commitment', 'employees', 'family', 'health', 'members', 'partners', 'sessions', 'support', 'therapist', 'year']",access|coach|commitment|employees|family|health|members|partners|sessions|support|therapist|year,9,support,support,7
"As a part of our ongoing commitment to support partners employees mental health , Starbucks will provide all U. S.  and eligible family members access 20 sessions year with therapist or coach through LyraHealth .  httpssbux. coLyra",2020-03-16 19:32:11,Twitter,2,"['As a part of our ongoing commitment to support partners employees mental health , Starbucks will provide all U. S.  and eligible family members access 20 sessions year with therapist or coach through LyraHealth .', 'httpssbux.', 'coLyra']",0,part ongoing commitment support partners employees mental health provide eligible family members access sessions year therapist coach,212,Negative,"['access', 'coach', 'commitment', 'employees', 'family', 'health', 'members', 'partners', 'sessions', 'support', 'therapist', 'year']",access|coach|commitment|employees|family|health|members|partners|sessions|support|therapist|year,10,therapist,therapist,9
"As a part of our ongoing commitment to support partners employees mental health , Starbucks will provide all U. S.  and eligible family members access 20 sessions year with therapist or coach through LyraHealth .  httpssbux. coLyra",2020-03-16 19:32:11,Twitter,2,"['As a part of our ongoing commitment to support partners employees mental health , Starbucks will provide all U. S.  and eligible family members access 20 sessions year with therapist or coach through LyraHealth .', 'httpssbux.', 'coLyra']",0,part ongoing commitment support partners employees mental health provide eligible family members access sessions year therapist coach,212,Negative,"['access', 'coach', 'commitment', 'employees', 'family', 'health', 'members', 'partners', 'sessions', 'support', 'therapist', 'year']",access|coach|commitment|employees|family|health|members|partners|sessions|support|therapist|year,11,year,year,4
"In accordance with social distancing guidance from the CDC and public health authorities , we are temporarily closing stores in some locations moving majority of our companyoperated to a go model across U. S.  Canada . ",2020-03-16 03:05:23,Twitter,3,"['In accordance with social distancing guidance from the CDC and public health authorities , we are temporarily closing stores in some locations moving majority of our companyoperated to a go model across U. S.  Canada .']",0,accordance social distancing guidance public health authorities temporarily closing stores locations moving majority companyoperated go model across,218,Positive,"['authorities', 'go', 'guidance', 'health', 'locations', 'majority', 'model', 'stores']",authorities|go|guidance|health|locations|majority|model|stores,0,authorities,authority,9
"In accordance with social distancing guidance from the CDC and public health authorities , we are temporarily closing stores in some locations moving majority of our companyoperated to a go model across U. S.  Canada . ",2020-03-16 03:05:23,Twitter,3,"['In accordance with social distancing guidance from the CDC and public health authorities , we are temporarily closing stores in some locations moving majority of our companyoperated to a go model across U. S.  Canada .']",0,accordance social distancing guidance public health authorities temporarily closing stores locations moving majority companyoperated go model across,218,Positive,"['authorities', 'go', 'guidance', 'health', 'locations', 'majority', 'model', 'stores']",authorities|go|guidance|health|locations|majority|model|stores,2,guidance,guidance,8
"In accordance with social distancing guidance from the CDC and public health authorities , we are temporarily closing stores in some locations moving majority of our companyoperated to a go model across U. S.  Canada . ",2020-03-16 03:05:23,Twitter,3,"['In accordance with social distancing guidance from the CDC and public health authorities , we are temporarily closing stores in some locations moving majority of our companyoperated to a go model across U. S.  Canada .']",0,accordance social distancing guidance public health authorities temporarily closing stores locations moving majority companyoperated go model across,218,Positive,"['authorities', 'go', 'guidance', 'health', 'locations', 'majority', 'model', 'stores']",authorities|go|guidance|health|locations|majority|model|stores,3,health,health,6
"In accordance with social distancing guidance from the CDC and public health authorities , we are temporarily closing stores in some locations moving majority of our companyoperated to a go model across U. S.  Canada . ",2020-03-16 03:05:23,Twitter,3,"['In accordance with social distancing guidance from the CDC and public health authorities , we are temporarily closing stores in some locations moving majority of our companyoperated to a go model across U. S.  Canada .']",0,accordance social distancing guidance public health authorities temporarily closing stores locations moving majority companyoperated go model across,218,Positive,"['authorities', 'go', 'guidance', 'health', 'locations', 'majority', 'model', 'stores']",authorities|go|guidance|health|locations|majority|model|stores,4,locations,location,8
"In accordance with social distancing guidance from the CDC and public health authorities , we are temporarily closing stores in some locations moving majority of our companyoperated to a go model across U. S.  Canada . ",2020-03-16 03:05:23,Twitter,3,"['In accordance with social distancing guidance from the CDC and public health authorities , we are temporarily closing stores in some locations moving majority of our companyoperated to a go model across U. S.  Canada .']",0,accordance social distancing guidance public health authorities temporarily closing stores locations moving majority companyoperated go model across,218,Positive,"['authorities', 'go', 'guidance', 'health', 'locations', 'majority', 'model', 'stores']",authorities|go|guidance|health|locations|majority|model|stores,5,majority,majority,8
"In accordance with social distancing guidance from the CDC and public health authorities , we are temporarily closing stores in some locations moving majority of our companyoperated to a go model across U. S.  Canada . ",2020-03-16 03:05:23,Twitter,3,"['In accordance with social distancing guidance from the CDC and public health authorities , we are temporarily closing stores in some locations moving majority of our companyoperated to a go model across U. S.  Canada .']",0,accordance social distancing guidance public health authorities temporarily closing stores locations moving majority companyoperated go model across,218,Positive,"['authorities', 'go', 'guidance', 'health', 'locations', 'majority', 'model', 'stores']",authorities|go|guidance|health|locations|majority|model|stores,6,model,model,5
"In accordance with social distancing guidance from the CDC and public health authorities , we are temporarily closing stores in some locations moving majority of our companyoperated to a go model across U. S.  Canada . ",2020-03-16 03:05:23,Twitter,3,"['In accordance with social distancing guidance from the CDC and public health authorities , we are temporarily closing stores in some locations moving majority of our companyoperated to a go model across U. S.  Canada .']",0,accordance social distancing guidance public health authorities temporarily closing stores locations moving majority companyoperated go model across,218,Positive,"['authorities', 'go', 'guidance', 'health', 'locations', 'majority', 'model', 'stores']",authorities|go|guidance|health|locations|majority|model|stores,7,stores,store,5
"In Starbucks journey to find a more recyclable and compostable hot cup solution , were trialing new technology in five markets this month partnership with the NextGen Consortium LoopFund .  Learn",2020-03-09 23:21:36,Twitter,4,"['In Starbucks journey to find a more recyclable and compostable hot cup solution , were trialing new technology in five markets this month partnership with the NextGen Consortium LoopFund .', 'Learn']",0,journey find recyclable compostable hot cup solution trialing new technology five markets month partnership,188,Positive,"['journey', 'markets', 'month', 'partnership', 'solution', 'technology']",journey|markets|month|partnership|solution|technology,0,journey,journey,7
"In Starbucks journey to find a more recyclable and compostable hot cup solution , were trialing new technology in five markets this month partnership with the NextGen Consortium LoopFund .  Learn",2020-03-09 23:21:36,Twitter,4,"['In Starbucks journey to find a more recyclable and compostable hot cup solution , were trialing new technology in five markets this month partnership with the NextGen Consortium LoopFund .', 'Learn']",0,journey find recyclable compostable hot cup solution trialing new technology five markets month partnership,188,Positive,"['journey', 'markets', 'month', 'partnership', 'solution', 'technology']",journey|markets|month|partnership|solution|technology,1,markets,market,6
"In Starbucks journey to find a more recyclable and compostable hot cup solution , were trialing new technology in five markets this month partnership with the NextGen Consortium LoopFund .  Learn",2020-03-09 23:21:36,Twitter,4,"['In Starbucks journey to find a more recyclable and compostable hot cup solution , were trialing new technology in five markets this month partnership with the NextGen Consortium LoopFund .', 'Learn']",0,journey find recyclable compostable hot cup solution trialing new technology five markets month partnership,188,Positive,"['journey', 'markets', 'month', 'partnership', 'solution', 'technology']",journey|markets|month|partnership|solution|technology,2,month,month,5
"In Starbucks journey to find a more recyclable and compostable hot cup solution , were trialing new technology in five markets this month partnership with the NextGen Consortium LoopFund .  Learn",2020-03-09 23:21:36,Twitter,4,"['In Starbucks journey to find a more recyclable and compostable hot cup solution , were trialing new technology in five markets this month partnership with the NextGen Consortium LoopFund .', 'Learn']",0,journey find recyclable compostable hot cup solution trialing new technology five markets month partnership,188,Positive,"['journey', 'markets', 'month', 'partnership', 'solution', 'technology']",journey|markets|month|partnership|solution|technology,3,partnership,partnership,11
"In Starbucks journey to find a more recyclable and compostable hot cup solution , were trialing new technology in five markets this month partnership with the NextGen Consortium LoopFund .  Learn",2020-03-09 23:21:36,Twitter,4,"['In Starbucks journey to find a more recyclable and compostable hot cup solution , were trialing new technology in five markets this month partnership with the NextGen Consortium LoopFund .', 'Learn']",0,journey find recyclable compostable hot cup solution trialing new technology five markets month partnership,188,Positive,"['journey', 'markets', 'month', 'partnership', 'solution', 'technology']",journey|markets|month|partnership|solution|technology,4,solution,solution,8
"In Starbucks journey to find a more recyclable and compostable hot cup solution , were trialing new technology in five markets this month partnership with the NextGen Consortium LoopFund .  Learn",2020-03-09 23:21:36,Twitter,4,"['In Starbucks journey to find a more recyclable and compostable hot cup solution , were trialing new technology in five markets this month partnership with the NextGen Consortium LoopFund .', 'Learn']",0,journey find recyclable compostable hot cup solution trialing new technology five markets month partnership,188,Positive,"['journey', 'markets', 'month', 'partnership', 'solution', 'technology']",journey|markets|month|partnership|solution|technology,5,technology,technology,10
Longer days mean more time for coffee . ,2020-03-09 17:30:00,Twitter,5,['Longer days mean more time for coffee .'],0,longer days mean time coffee,39,Positive,"['coffee', 'days']",coffee|days,0,coffee,coffee,6
Longer days mean more time for coffee . ,2020-03-09 17:30:00,Twitter,5,['Longer days mean more time for coffee .'],0,longer days mean time coffee,39,Positive,"['coffee', 'days']",coffee|days,1,days,day,3
"Read more about Shannon and Ms.  Patti , along with other stories of inspiring women at httpsbux. cowhm . ",2020-03-08 19:19:35,Twitter,6,"['Read more about Shannon and Ms.  Patti , along with other stories of inspiring women at httpsbux.', 'cowhm .']",0,read shannon ms patti along stories inspiring women ,97,Positive,"['stories', 'women']",stories|women,0,stories,story,5
"Read more about Shannon and Ms.  Patti , along with other stories of inspiring women at httpsbux. cowhm . ",2020-03-08 19:19:35,Twitter,6,"['Read more about Shannon and Ms.  Patti , along with other stories of inspiring women at httpsbux.', 'cowhm .']",0,read shannon ms patti along stories inspiring women ,97,Positive,"['stories', 'women']",stories|women,1,women,woman,5
"As someone without a support system growing up , Ms.  knows how valuable friendship with other women can be .  Women should always mentor to help them gain independence and not have rely on",2020-03-08 19:17:03,Twitter,7,"['As someone without a support system growing up , Ms.  knows how valuable friendship with other women can be .', 'Women should always mentor to help them gain independence and not have rely on']",0,someone without support system growing ms knows valuable friendship women,109,Negative,"['friendship', 'ms', 'support', 'system', 'women']",friendship|ms|support|system|women,0,friendship,friendship,10
"As someone without a support system growing up , Ms.  knows how valuable friendship with other women can be .  Women should always mentor to help them gain independence and not have rely on",2020-03-08 19:17:03,Twitter,7,"['As someone without a support system growing up , Ms.  knows how valuable friendship with other women can be .', 'Women should always mentor to help them gain independence and not have rely on']",0,someone without support system growing ms knows valuable friendship women,109,Negative,"['friendship', 'ms', 'support', 'system', 'women']",friendship|ms|support|system|women,2,support,support,7
"As someone without a support system growing up , Ms.  knows how valuable friendship with other women can be .  Women should always mentor to help them gain independence and not have rely on",2020-03-08 19:17:03,Twitter,7,"['As someone without a support system growing up , Ms.  knows how valuable friendship with other women can be .', 'Women should always mentor to help them gain independence and not have rely on']",0,someone without support system growing ms knows valuable friendship women,109,Negative,"['friendship', 'ms', 'support', 'system', 'women']",friendship|ms|support|system|women,3,system,system,6
"As someone without a support system growing up , Ms.  knows how valuable friendship with other women can be .  Women should always mentor to help them gain independence and not have rely on",2020-03-08 19:17:03,Twitter,7,"['As someone without a support system growing up , Ms.  knows how valuable friendship with other women can be .', 'Women should always mentor to help them gain independence and not have rely on']",0,someone without support system growing ms knows valuable friendship women,109,Negative,"['friendship', 'ms', 'support', 'system', 'women']",friendship|ms|support|system|women,4,women,woman,5
"As someone without a support system growing up , Ms.  knows how valuable friendship with other women can be .  Women should always mentor to help them gain independence and not have rely on",2020-03-08 19:17:03,Twitter,7,"['As someone without a support system growing up , Ms.  knows how valuable friendship with other women can be .', 'Women should always mentor to help them gain independence and not have rely on']",1,women always mentor help gain independence rely,78,Neutral,"['independence', 'mentor', 'rely', 'women']",independence|mentor|rely|women,0,independence,independence,12
"As someone without a support system growing up , Ms.  knows how valuable friendship with other women can be .  Women should always mentor to help them gain independence and not have rely on",2020-03-08 19:17:03,Twitter,7,"['As someone without a support system growing up , Ms.  knows how valuable friendship with other women can be .', 'Women should always mentor to help them gain independence and not have rely on']",1,women always mentor help gain independence rely,78,Neutral,"['independence', 'mentor', 'rely', 'women']",independence|mentor|rely|women,1,mentor,mentor,6
"As someone without a support system growing up , Ms.  knows how valuable friendship with other women can be .  Women should always mentor to help them gain independence and not have rely on",2020-03-08 19:17:03,Twitter,7,"['As someone without a support system growing up , Ms.  knows how valuable friendship with other women can be .', 'Women should always mentor to help them gain independence and not have rely on']",1,women always mentor help gain independence rely,78,Neutral,"['independence', 'mentor', 'rely', 'women']",independence|mentor|rely|women,2,rely,rely,4
"As someone without a support system growing up , Ms.  knows how valuable friendship with other women can be .  Women should always mentor to help them gain independence and not have rely on",2020-03-08 19:17:03,Twitter,7,"['As someone without a support system growing up , Ms.  knows how valuable friendship with other women can be .', 'Women should always mentor to help them gain independence and not have rely on']",1,women always mentor help gain independence rely,78,Neutral,"['independence', 'mentor', 'rely', 'women']",independence|mentor|rely|women,3,women,woman,5
"After the loss of her own mother , Shannon found comfort in relationship with Ms.  Patti .  We have conversations and shes very motivating She encourages me to not give up continue",2020-03-08 19:16:21,Twitter,8,"['After the loss of her own mother , Shannon found comfort in relationship with Ms.  Patti .', 'We have conversations and shes very motivating She encourages me to not give up continue']",0,loss mother shannon found comfort relationship ms patti,90,Positive,"['comfort', 'loss', 'mother', 'ms', 'relationship']",comfort|loss|mother|ms|relationship,0,comfort,comfort,7
"After the loss of her own mother , Shannon found comfort in relationship with Ms.  Patti .  We have conversations and shes very motivating She encourages me to not give up continue",2020-03-08 19:16:21,Twitter,8,"['After the loss of her own mother , Shannon found comfort in relationship with Ms.  Patti .', 'We have conversations and shes very motivating She encourages me to not give up continue']",0,loss mother shannon found comfort relationship ms patti,90,Positive,"['comfort', 'loss', 'mother', 'ms', 'relationship']",comfort|loss|mother|ms|relationship,1,loss,loss,4
"After the loss of her own mother , Shannon found comfort in relationship with Ms.  Patti .  We have conversations and shes very motivating She encourages me to not give up continue",2020-03-08 19:16:21,Twitter,8,"['After the loss of her own mother , Shannon found comfort in relationship with Ms.  Patti .', 'We have conversations and shes very motivating She encourages me to not give up continue']",0,loss mother shannon found comfort relationship ms patti,90,Positive,"['comfort', 'loss', 'mother', 'ms', 'relationship']",comfort|loss|mother|ms|relationship,2,mother,mother,6
"After the loss of her own mother , Shannon found comfort in relationship with Ms.  Patti .  We have conversations and shes very motivating She encourages me to not give up continue",2020-03-08 19:16:21,Twitter,8,"['After the loss of her own mother , Shannon found comfort in relationship with Ms.  Patti .', 'We have conversations and shes very motivating She encourages me to not give up continue']",0,loss mother shannon found comfort relationship ms patti,90,Positive,"['comfort', 'loss', 'mother', 'ms', 'relationship']",comfort|loss|mother|ms|relationship,4,relationship,relationship,12
"After the loss of her own mother , Shannon found comfort in relationship with Ms.  Patti .  We have conversations and shes very motivating She encourages me to not give up continue",2020-03-08 19:16:21,Twitter,8,"['After the loss of her own mother , Shannon found comfort in relationship with Ms.  Patti .', 'We have conversations and shes very motivating She encourages me to not give up continue']",1,conversations shes motivating encourages give continue,88,Positive,"['continue', 'conversations', 'encourages']",continue|conversations|encourages,0,continue,continue,8
"After the loss of her own mother , Shannon found comfort in relationship with Ms.  Patti .  We have conversations and shes very motivating She encourages me to not give up continue",2020-03-08 19:16:21,Twitter,8,"['After the loss of her own mother , Shannon found comfort in relationship with Ms.  Patti .', 'We have conversations and shes very motivating She encourages me to not give up continue']",1,conversations shes motivating encourages give continue,88,Positive,"['continue', 'conversations', 'encourages']",continue|conversations|encourages,1,conversations,conversation,12
"After the loss of her own mother , Shannon found comfort in relationship with Ms.  Patti .  We have conversations and shes very motivating She encourages me to not give up continue",2020-03-08 19:16:21,Twitter,8,"['After the loss of her own mother , Shannon found comfort in relationship with Ms.  Patti .', 'We have conversations and shes very motivating She encourages me to not give up continue']",1,conversations shes motivating encourages give continue,88,Positive,"['continue', 'conversations', 'encourages']",continue|conversations|encourages,2,encourages,encourages,10
"For we asked our community what they love about a woman in their lives .  Shannon , its her friendship with customer Ms.  Patti and the bond",2020-03-08 19:15:42,Twitter,9,"['For we asked our community what they love about a woman in their lives .', 'Shannon , its her friendship with customer Ms.  Patti and the bond']",0,asked community love woman lives,72,Positive,"['community', 'lives', 'woman']",community|lives|woman,0,community,community,9
"For we asked our community what they love about a woman in their lives .  Shannon , its her friendship with customer Ms.  Patti and the bond",2020-03-08 19:15:42,Twitter,9,"['For we asked our community what they love about a woman in their lives .', 'Shannon , its her friendship with customer Ms.  Patti and the bond']",0,asked community love woman lives,72,Positive,"['community', 'lives', 'woman']",community|lives|woman,1,lives,life,4
"For we asked our community what they love about a woman in their lives .  Shannon , its her friendship with customer Ms.  Patti and the bond",2020-03-08 19:15:42,Twitter,9,"['For we asked our community what they love about a woman in their lives .', 'Shannon , its her friendship with customer Ms.  Patti and the bond']",0,asked community love woman lives,72,Positive,"['community', 'lives', 'woman']",community|lives|woman,2,woman,woman,5
"For we asked our community what they love about a woman in their lives .  Shannon , its her friendship with customer Ms.  Patti and the bond",2020-03-08 19:15:42,Twitter,9,"['For we asked our community what they love about a woman in their lives .', 'Shannon , its her friendship with customer Ms.  Patti and the bond']",1,friendship customer ms bond,66,Positive,"['bond', 'customer', 'friendship', 'ms']",bond|customer|friendship|ms,0,bond,bond,4
"For we asked our community what they love about a woman in their lives .  Shannon , its her friendship with customer Ms.  Patti and the bond",2020-03-08 19:15:42,Twitter,9,"['For we asked our community what they love about a woman in their lives .', 'Shannon , its her friendship with customer Ms.  Patti and the bond']",1,friendship customer ms bond,66,Positive,"['bond', 'customer', 'friendship', 'ms']",bond|customer|friendship|ms,1,customer,customer,8
"For we asked our community what they love about a woman in their lives .  Shannon , its her friendship with customer Ms.  Patti and the bond",2020-03-08 19:15:42,Twitter,9,"['For we asked our community what they love about a woman in their lives .', 'Shannon , its her friendship with customer Ms.  Patti and the bond']",1,friendship customer ms bond,66,Positive,"['bond', 'customer', 'friendship', 'ms']",bond|customer|friendship|ms,2,friendship,friendship,10
Live life to the fluffiest . ,2020-03-06 19:30:00,Twitter,10,['Live life to the fluffiest .'],0,live life fluffiest,28,Positive,['life'],life,0,life,life,4
"Came to the Starbucks by my new job yesterday and told guy it was gon na be 1st day , today I walked in he goes Jasmine How your first .  hes so nice And a great",2020-03-04 01:13:53,Twitter,11,"['Came to the Starbucks by my new job yesterday and told guy it was gon na be 1st day , today I walked in he goes Jasmine How your first .', 'hes so nice And a great']",0,came new job yesterday told guy gon na day today walked goes first,136,Positive,"['day', 'guy', 'job', 'yesterday']",day|guy|job|yesterday,0,day,day,3
"Came to the Starbucks by my new job yesterday and told guy it was gon na be 1st day , today I walked in he goes Jasmine How your first .  hes so nice And a great",2020-03-04 01:13:53,Twitter,11,"['Came to the Starbucks by my new job yesterday and told guy it was gon na be 1st day , today I walked in he goes Jasmine How your first .', 'hes so nice And a great']",0,came new job yesterday told guy gon na day today walked goes first,136,Positive,"['day', 'guy', 'job', 'yesterday']",day|guy|job|yesterday,1,guy,guy,3
"Came to the Starbucks by my new job yesterday and told guy it was gon na be 1st day , today I walked in he goes Jasmine How your first .  hes so nice And a great",2020-03-04 01:13:53,Twitter,11,"['Came to the Starbucks by my new job yesterday and told guy it was gon na be 1st day , today I walked in he goes Jasmine How your first .', 'hes so nice And a great']",0,came new job yesterday told guy gon na day today walked goes first,136,Positive,"['day', 'guy', 'job', 'yesterday']",day|guy|job|yesterday,2,job,job,3
"Came to the Starbucks by my new job yesterday and told guy it was gon na be 1st day , today I walked in he goes Jasmine How your first .  hes so nice And a great",2020-03-04 01:13:53,Twitter,11,"['Came to the Starbucks by my new job yesterday and told guy it was gon na be 1st day , today I walked in he goes Jasmine How your first .', 'hes so nice And a great']",0,came new job yesterday told guy gon na day today walked goes first,136,Positive,"['day', 'guy', 'job', 'yesterday']",day|guy|job|yesterday,3,yesterday,yesterday,9
"Came to the Starbucks by my new job yesterday and told guy it was gon na be 1st day , today I walked in he goes Jasmine How your first .  hes so nice And a great",2020-03-04 01:13:53,Twitter,11,"['Came to the Starbucks by my new job yesterday and told guy it was gon na be 1st day , today I walked in he goes Jasmine How your first .', 'hes so nice And a great']",1,hes nice great,23,Positive,['nice'],nice,0,nice,nice,4
"Coffees just want to have foam .  The light , fluffy CloudMacchiato in caramel and cocoa Contains",2020-03-03 18:30:01,Twitter,12,"['Coffees just want to have foam .', 'The light , fluffy CloudMacchiato in caramel and cocoa Contains']",0,coffees want foam,32,Neutral,"['coffees', 'foam']",coffees|foam,0,coffees,coffee,6
"Coffees just want to have foam .  The light , fluffy CloudMacchiato in caramel and cocoa Contains",2020-03-03 18:30:01,Twitter,12,"['Coffees just want to have foam .', 'The light , fluffy CloudMacchiato in caramel and cocoa Contains']",0,coffees want foam,32,Neutral,"['coffees', 'foam']",coffees|foam,1,foam,foam,4
"Coffees just want to have foam .  The light , fluffy CloudMacchiato in caramel and cocoa Contains",2020-03-03 18:30:01,Twitter,12,"['Coffees just want to have foam .', 'The light , fluffy CloudMacchiato in caramel and cocoa Contains']",1,light fluffy cloudmacchiato caramel cocoa contains,63,Positive,"['caramel', 'cloudmacchiato', 'cocoa']",caramel|cloudmacchiato|cocoa,0,caramel,caramel,7
"Coffees just want to have foam .  The light , fluffy CloudMacchiato in caramel and cocoa Contains",2020-03-03 18:30:01,Twitter,12,"['Coffees just want to have foam .', 'The light , fluffy CloudMacchiato in caramel and cocoa Contains']",1,light fluffy cloudmacchiato caramel cocoa contains,63,Positive,"['caramel', 'cloudmacchiato', 'cocoa']",caramel|cloudmacchiato|cocoa,1,cloudmacchiato,cloudmacchiato,14
"Coffees just want to have foam .  The light , fluffy CloudMacchiato in caramel and cocoa Contains",2020-03-03 18:30:01,Twitter,12,"['Coffees just want to have foam .', 'The light , fluffy CloudMacchiato in caramel and cocoa Contains']",1,light fluffy cloudmacchiato caramel cocoa contains,63,Positive,"['caramel', 'cloudmacchiato', 'cocoa']",caramel|cloudmacchiato|cocoa,2,cocoa,cocoa,5
The first word you see is your vibe for spring . ,2020-03-03 04:30:00,Twitter,13,['The first word you see is your vibe for spring .'],0,first word see vibe spring,48,Positive,"['spring', 'vibe', 'word']",spring|vibe|word,0,spring,spring,6
The first word you see is your vibe for spring . ,2020-03-03 04:30:00,Twitter,13,['The first word you see is your vibe for spring .'],0,first word see vibe spring,48,Positive,"['spring', 'vibe', 'word']",spring|vibe|word,1,vibe,vibe,4
The first word you see is your vibe for spring . ,2020-03-03 04:30:00,Twitter,13,['The first word you see is your vibe for spring .'],0,first word see vibe spring,48,Positive,"['spring', 'vibe', 'word']",spring|vibe|word,2,word,word,4
Are these misterious cloud tweets going over your head,2020-03-03 03:30:00,Twitter,14,['Are these misterious cloud tweets going over your head'],0,misterious cloud tweets going head,54,Negative,"['cloud', 'head', 'tweets']",cloud|head|tweets,0,cloud,cloud,5
Are these misterious cloud tweets going over your head,2020-03-03 03:30:00,Twitter,14,['Are these misterious cloud tweets going over your head'],0,misterious cloud tweets going head,54,Negative,"['cloud', 'head', 'tweets']",cloud|head|tweets,1,head,head,4
Are these misterious cloud tweets going over your head,2020-03-03 03:30:00,Twitter,14,['Are these misterious cloud tweets going over your head'],0,misterious cloud tweets going head,54,Negative,"['cloud', 'head', 'tweets']",cloud|head|tweets,2,tweets,tweet,5
Tomorrow looks like the perfect day for cloud gazing . ,2020-03-03 01:30:00,Twitter,15,['Tomorrow looks like the perfect day for cloud gazing .'],0,tomorrow looks like perfect day cloud gazing,54,Verypositive,"['cloud', 'day', 'gazing', 'tomorrow']",cloud|day|gazing|tomorrow,0,cloud,cloud,5
Tomorrow looks like the perfect day for cloud gazing . ,2020-03-03 01:30:00,Twitter,15,['Tomorrow looks like the perfect day for cloud gazing .'],0,tomorrow looks like perfect day cloud gazing,54,Verypositive,"['cloud', 'day', 'gazing', 'tomorrow']",cloud|day|gazing|tomorrow,1,day,day,3
Tomorrow looks like the perfect day for cloud gazing . ,2020-03-03 01:30:00,Twitter,15,['Tomorrow looks like the perfect day for cloud gazing .'],0,tomorrow looks like perfect day cloud gazing,54,Verypositive,"['cloud', 'day', 'gazing', 'tomorrow']",cloud|day|gazing|tomorrow,2,gazing,gaze,4
Tomorrow looks like the perfect day for cloud gazing . ,2020-03-03 01:30:00,Twitter,15,['Tomorrow looks like the perfect day for cloud gazing .'],0,tomorrow looks like perfect day cloud gazing,54,Verypositive,"['cloud', 'day', 'gazing', 'tomorrow']",cloud|day|gazing|tomorrow,3,tomorrow,tomorrow,8
Tomorrows forecast Cloudy with a chance of caramel and mocha drizzle . ,2020-03-02 23:30:01,Twitter,16,['Tomorrows forecast Cloudy with a chance of caramel and mocha drizzle .'],0,tomorrows forecast cloudy chance caramel,70,Neutral,"['caramel', 'tomorrows']",caramel|tomorrows,0,caramel,caramel,7
Tomorrows forecast Cloudy with a chance of caramel and mocha drizzle . ,2020-03-02 23:30:01,Twitter,16,['Tomorrows forecast Cloudy with a chance of caramel and mocha drizzle .'],0,tomorrows forecast cloudy chance caramel,70,Neutral,"['caramel', 'tomorrows']",caramel|tomorrows,1,tomorrows,tomorrow,8
Are those clouds we see on the horizon,2020-03-02 21:30:00,Twitter,17,['Are those clouds we see on the horizon'],0,clouds see horizon,38,Neutral,"['clouds', 'horizon']",clouds|horizon,0,clouds,cloud,5
Are those clouds we see on the horizon,2020-03-02 21:30:00,Twitter,17,['Are those clouds we see on the horizon'],0,clouds see horizon,38,Neutral,"['clouds', 'horizon']",clouds|horizon,1,horizon,horizon,7
"All month long were spotlighting the women in our lives who inspire usour friends and family , mentors heroes . ",2020-03-01 22:36:52,Twitter,18,"['All month long were spotlighting the women in our lives who inspire usour friends and family , mentors heroes .']",0,month long spotlighting women lives inspire usour friends family mentors heroes,111,Negative,"['family', 'friends', 'heroes', 'lives', 'mentors', 'month', 'usour', 'women']",family|friends|heroes|lives|mentors|month|usour|women,0,family,family,6
"All month long were spotlighting the women in our lives who inspire usour friends and family , mentors heroes . ",2020-03-01 22:36:52,Twitter,18,"['All month long were spotlighting the women in our lives who inspire usour friends and family , mentors heroes .']",0,month long spotlighting women lives inspire usour friends family mentors heroes,111,Negative,"['family', 'friends', 'heroes', 'lives', 'mentors', 'month', 'usour', 'women']",family|friends|heroes|lives|mentors|month|usour|women,1,friends,friend,6
"All month long were spotlighting the women in our lives who inspire usour friends and family , mentors heroes . ",2020-03-01 22:36:52,Twitter,18,"['All month long were spotlighting the women in our lives who inspire usour friends and family , mentors heroes .']",0,month long spotlighting women lives inspire usour friends family mentors heroes,111,Negative,"['family', 'friends', 'heroes', 'lives', 'mentors', 'month', 'usour', 'women']",family|friends|heroes|lives|mentors|month|usour|women,2,heroes,hero,4
"All month long were spotlighting the women in our lives who inspire usour friends and family , mentors heroes . ",2020-03-01 22:36:52,Twitter,18,"['All month long were spotlighting the women in our lives who inspire usour friends and family , mentors heroes .']",0,month long spotlighting women lives inspire usour friends family mentors heroes,111,Negative,"['family', 'friends', 'heroes', 'lives', 'mentors', 'month', 'usour', 'women']",family|friends|heroes|lives|mentors|month|usour|women,3,lives,life,4
"All month long were spotlighting the women in our lives who inspire usour friends and family , mentors heroes . ",2020-03-01 22:36:52,Twitter,18,"['All month long were spotlighting the women in our lives who inspire usour friends and family , mentors heroes .']",0,month long spotlighting women lives inspire usour friends family mentors heroes,111,Negative,"['family', 'friends', 'heroes', 'lives', 'mentors', 'month', 'usour', 'women']",family|friends|heroes|lives|mentors|month|usour|women,4,mentors,mentor,6
"All month long were spotlighting the women in our lives who inspire usour friends and family , mentors heroes . ",2020-03-01 22:36:52,Twitter,18,"['All month long were spotlighting the women in our lives who inspire usour friends and family , mentors heroes .']",0,month long spotlighting women lives inspire usour friends family mentors heroes,111,Negative,"['family', 'friends', 'heroes', 'lives', 'mentors', 'month', 'usour', 'women']",family|friends|heroes|lives|mentors|month|usour|women,5,month,month,5
"All month long were spotlighting the women in our lives who inspire usour friends and family , mentors heroes . ",2020-03-01 22:36:52,Twitter,18,"['All month long were spotlighting the women in our lives who inspire usour friends and family , mentors heroes .']",0,month long spotlighting women lives inspire usour friends family mentors heroes,111,Negative,"['family', 'friends', 'heroes', 'lives', 'mentors', 'month', 'usour', 'women']",family|friends|heroes|lives|mentors|month|usour|women,6,usour,usour,5
"All month long were spotlighting the women in our lives who inspire usour friends and family , mentors heroes . ",2020-03-01 22:36:52,Twitter,18,"['All month long were spotlighting the women in our lives who inspire usour friends and family , mentors heroes .']",0,month long spotlighting women lives inspire usour friends family mentors heroes,111,Negative,"['family', 'friends', 'heroes', 'lives', 'mentors', 'month', 'usour', 'women']",family|friends|heroes|lives|mentors|month|usour|women,7,women,woman,5
Typical Saturday LeapDay How are you treating yourself today emojis only,2020-02-29 20:30:01,Twitter,19,['Typical Saturday LeapDay How are you treating yourself today emojis only'],0,typical saturday leapday treating today emojis,72,Negative,"['emojis', 'leapday']",emojis|leapday,0,emojis,emojis,6
Typical Saturday LeapDay How are you treating yourself today emojis only,2020-02-29 20:30:01,Twitter,19,['Typical Saturday LeapDay How are you treating yourself today emojis only'],0,typical saturday leapday treating today emojis,72,Negative,"['emojis', 'leapday']",emojis|leapday,1,leapday,leapday,7
Think we can all agree that iced coffee . ,2020-02-28 19:30:01,Twitter,20,['Think we can all agree that iced coffee .'],0,think agree iced coffee,41,Neutral,['coffee'],coffee,0,coffee,coffee,6
"Thursday is basically Friday Jr.  , which as good a reason any to treat yourself . ",2020-02-27 18:30:00,Twitter,21,"['Thursday is basically Friday Jr.  , which as good a reason any to treat yourself .']",0,thursday basically friday jr good reason treat,82,Positive,['reason'],reason,0,reason,reason,6
No need to compromise coziness for calories .  Starbucks Blonde Americano 15 cal 130 Honey Citrus Mint Tea London Fog 180 Pike Place Roast 5 Cappuccino 120,2020-02-26 19:44:50,Twitter,22,"['No need to compromise coziness for calories .', 'Starbucks Blonde Americano 15 cal 130 Honey Citrus Mint Tea London Fog 180 Pike Place Roast 5 Cappuccino 120']",0,need compromise coziness calories,45,Neutral,"['calories', 'compromise', 'coziness']",calories|compromise|coziness,0,calories,calorie,7
No need to compromise coziness for calories .  Starbucks Blonde Americano 15 cal 130 Honey Citrus Mint Tea London Fog 180 Pike Place Roast 5 Cappuccino 120,2020-02-26 19:44:50,Twitter,22,"['No need to compromise coziness for calories .', 'Starbucks Blonde Americano 15 cal 130 Honey Citrus Mint Tea London Fog 180 Pike Place Roast 5 Cappuccino 120']",0,need compromise coziness calories,45,Neutral,"['calories', 'compromise', 'coziness']",calories|compromise|coziness,1,compromise,compromise,10
No need to compromise coziness for calories .  Starbucks Blonde Americano 15 cal 130 Honey Citrus Mint Tea London Fog 180 Pike Place Roast 5 Cappuccino 120,2020-02-26 19:44:50,Twitter,22,"['No need to compromise coziness for calories .', 'Starbucks Blonde Americano 15 cal 130 Honey Citrus Mint Tea London Fog 180 Pike Place Roast 5 Cappuccino 120']",0,need compromise coziness calories,45,Neutral,"['calories', 'compromise', 'coziness']",calories|compromise|coziness,2,coziness,coziness,8
No need to compromise coziness for calories .  Starbucks Blonde Americano 15 cal 130 Honey Citrus Mint Tea London Fog 180 Pike Place Roast 5 Cappuccino 120,2020-02-26 19:44:50,Twitter,22,"['No need to compromise coziness for calories .', 'Starbucks Blonde Americano 15 cal 130 Honey Citrus Mint Tea London Fog 180 Pike Place Roast 5 Cappuccino 120']",1,starbucks blonde americano cal tea london fog pike place roast cappuccino,108,Negative,"['blonde', 'cappuccino', 'fog', 'pike', 'place', 'roast', 'starbucks', 'tea']",blonde|cappuccino|fog|pike|place|roast|starbucks|tea,0,blonde,blonde,6
No need to compromise coziness for calories .  Starbucks Blonde Americano 15 cal 130 Honey Citrus Mint Tea London Fog 180 Pike Place Roast 5 Cappuccino 120,2020-02-26 19:44:50,Twitter,22,"['No need to compromise coziness for calories .', 'Starbucks Blonde Americano 15 cal 130 Honey Citrus Mint Tea London Fog 180 Pike Place Roast 5 Cappuccino 120']",1,starbucks blonde americano cal tea london fog pike place roast cappuccino,108,Negative,"['blonde', 'cappuccino', 'fog', 'pike', 'place', 'roast', 'starbucks', 'tea']",blonde|cappuccino|fog|pike|place|roast|starbucks|tea,1,cappuccino,cappuccino,10
No need to compromise coziness for calories .  Starbucks Blonde Americano 15 cal 130 Honey Citrus Mint Tea London Fog 180 Pike Place Roast 5 Cappuccino 120,2020-02-26 19:44:50,Twitter,22,"['No need to compromise coziness for calories .', 'Starbucks Blonde Americano 15 cal 130 Honey Citrus Mint Tea London Fog 180 Pike Place Roast 5 Cappuccino 120']",1,starbucks blonde americano cal tea london fog pike place roast cappuccino,108,Negative,"['blonde', 'cappuccino', 'fog', 'pike', 'place', 'roast', 'starbucks', 'tea']",blonde|cappuccino|fog|pike|place|roast|starbucks|tea,2,fog,fog,3
No need to compromise coziness for calories .  Starbucks Blonde Americano 15 cal 130 Honey Citrus Mint Tea London Fog 180 Pike Place Roast 5 Cappuccino 120,2020-02-26 19:44:50,Twitter,22,"['No need to compromise coziness for calories .', 'Starbucks Blonde Americano 15 cal 130 Honey Citrus Mint Tea London Fog 180 Pike Place Roast 5 Cappuccino 120']",1,starbucks blonde americano cal tea london fog pike place roast cappuccino,108,Negative,"['blonde', 'cappuccino', 'fog', 'pike', 'place', 'roast', 'starbucks', 'tea']",blonde|cappuccino|fog|pike|place|roast|starbucks|tea,3,pike,pike,4
No need to compromise coziness for calories .  Starbucks Blonde Americano 15 cal 130 Honey Citrus Mint Tea London Fog 180 Pike Place Roast 5 Cappuccino 120,2020-02-26 19:44:50,Twitter,22,"['No need to compromise coziness for calories .', 'Starbucks Blonde Americano 15 cal 130 Honey Citrus Mint Tea London Fog 180 Pike Place Roast 5 Cappuccino 120']",1,starbucks blonde americano cal tea london fog pike place roast cappuccino,108,Negative,"['blonde', 'cappuccino', 'fog', 'pike', 'place', 'roast', 'starbucks', 'tea']",blonde|cappuccino|fog|pike|place|roast|starbucks|tea,4,place,place,5
No need to compromise coziness for calories .  Starbucks Blonde Americano 15 cal 130 Honey Citrus Mint Tea London Fog 180 Pike Place Roast 5 Cappuccino 120,2020-02-26 19:44:50,Twitter,22,"['No need to compromise coziness for calories .', 'Starbucks Blonde Americano 15 cal 130 Honey Citrus Mint Tea London Fog 180 Pike Place Roast 5 Cappuccino 120']",1,starbucks blonde americano cal tea london fog pike place roast cappuccino,108,Negative,"['blonde', 'cappuccino', 'fog', 'pike', 'place', 'roast', 'starbucks', 'tea']",blonde|cappuccino|fog|pike|place|roast|starbucks|tea,5,roast,roast,5
No need to compromise coziness for calories .  Starbucks Blonde Americano 15 cal 130 Honey Citrus Mint Tea London Fog 180 Pike Place Roast 5 Cappuccino 120,2020-02-26 19:44:50,Twitter,22,"['No need to compromise coziness for calories .', 'Starbucks Blonde Americano 15 cal 130 Honey Citrus Mint Tea London Fog 180 Pike Place Roast 5 Cappuccino 120']",1,starbucks blonde americano cal tea london fog pike place roast cappuccino,108,Negative,"['blonde', 'cappuccino', 'fog', 'pike', 'place', 'roast', 'starbucks', 'tea']",blonde|cappuccino|fog|pike|place|roast|starbucks|tea,6,starbucks,starbucks,9
No need to compromise coziness for calories .  Starbucks Blonde Americano 15 cal 130 Honey Citrus Mint Tea London Fog 180 Pike Place Roast 5 Cappuccino 120,2020-02-26 19:44:50,Twitter,22,"['No need to compromise coziness for calories .', 'Starbucks Blonde Americano 15 cal 130 Honey Citrus Mint Tea London Fog 180 Pike Place Roast 5 Cappuccino 120']",1,starbucks blonde americano cal tea london fog pike place roast cappuccino,108,Negative,"['blonde', 'cappuccino', 'fog', 'pike', 'place', 'roast', 'starbucks', 'tea']",blonde|cappuccino|fog|pike|place|roast|starbucks|tea,7,tea,tea,3
"5 drinks to get know us 1 .  Coffee 2 3 NITRO COLD BREW 4 Pink Drink Grande pump vanilla , hazelnut soymilk extra hot latte",2020-02-21 00:58:02,Twitter,23,"['5 drinks to get know us 1 .', 'Coffee 2 3 NITRO COLD BREW 4 Pink Drink Grande pump vanilla , hazelnut soymilk extra hot latte']",0,drinks get know us,27,Neutral,['drinks'],drinks,0,drinks,drink,5
"5 drinks to get know us 1 .  Coffee 2 3 NITRO COLD BREW 4 Pink Drink Grande pump vanilla , hazelnut soymilk extra hot latte",2020-02-21 00:58:02,Twitter,23,"['5 drinks to get know us 1 .', 'Coffee 2 3 NITRO COLD BREW 4 Pink Drink Grande pump vanilla , hazelnut soymilk extra hot latte']",1,coffee nitro cold brew pink drink grande pump vanilla hazelnut soymilk extra hot latte,94,Negative,"['brew', 'coffee', 'drink', 'grande', 'hazelnut', 'latte', 'nitro', 'pink', 'pump', 'soymilk', 'vanilla']",brew|coffee|drink|grande|hazelnut|latte|nitro|pink|pump|soymilk|vanilla,0,brew,brew,4
"5 drinks to get know us 1 .  Coffee 2 3 NITRO COLD BREW 4 Pink Drink Grande pump vanilla , hazelnut soymilk extra hot latte",2020-02-21 00:58:02,Twitter,23,"['5 drinks to get know us 1 .', 'Coffee 2 3 NITRO COLD BREW 4 Pink Drink Grande pump vanilla , hazelnut soymilk extra hot latte']",1,coffee nitro cold brew pink drink grande pump vanilla hazelnut soymilk extra hot latte,94,Negative,"['brew', 'coffee', 'drink', 'grande', 'hazelnut', 'latte', 'nitro', 'pink', 'pump', 'soymilk', 'vanilla']",brew|coffee|drink|grande|hazelnut|latte|nitro|pink|pump|soymilk|vanilla,1,coffee,coffee,6
"5 drinks to get know us 1 .  Coffee 2 3 NITRO COLD BREW 4 Pink Drink Grande pump vanilla , hazelnut soymilk extra hot latte",2020-02-21 00:58:02,Twitter,23,"['5 drinks to get know us 1 .', 'Coffee 2 3 NITRO COLD BREW 4 Pink Drink Grande pump vanilla , hazelnut soymilk extra hot latte']",1,coffee nitro cold brew pink drink grande pump vanilla hazelnut soymilk extra hot latte,94,Negative,"['brew', 'coffee', 'drink', 'grande', 'hazelnut', 'latte', 'nitro', 'pink', 'pump', 'soymilk', 'vanilla']",brew|coffee|drink|grande|hazelnut|latte|nitro|pink|pump|soymilk|vanilla,2,drink,drink,5
"5 drinks to get know us 1 .  Coffee 2 3 NITRO COLD BREW 4 Pink Drink Grande pump vanilla , hazelnut soymilk extra hot latte",2020-02-21 00:58:02,Twitter,23,"['5 drinks to get know us 1 .', 'Coffee 2 3 NITRO COLD BREW 4 Pink Drink Grande pump vanilla , hazelnut soymilk extra hot latte']",1,coffee nitro cold brew pink drink grande pump vanilla hazelnut soymilk extra hot latte,94,Negative,"['brew', 'coffee', 'drink', 'grande', 'hazelnut', 'latte', 'nitro', 'pink', 'pump', 'soymilk', 'vanilla']",brew|coffee|drink|grande|hazelnut|latte|nitro|pink|pump|soymilk|vanilla,3,grande,grande,6
"5 drinks to get know us 1 .  Coffee 2 3 NITRO COLD BREW 4 Pink Drink Grande pump vanilla , hazelnut soymilk extra hot latte",2020-02-21 00:58:02,Twitter,23,"['5 drinks to get know us 1 .', 'Coffee 2 3 NITRO COLD BREW 4 Pink Drink Grande pump vanilla , hazelnut soymilk extra hot latte']",1,coffee nitro cold brew pink drink grande pump vanilla hazelnut soymilk extra hot latte,94,Negative,"['brew', 'coffee', 'drink', 'grande', 'hazelnut', 'latte', 'nitro', 'pink', 'pump', 'soymilk', 'vanilla']",brew|coffee|drink|grande|hazelnut|latte|nitro|pink|pump|soymilk|vanilla,4,hazelnut,hazelnut,8
"5 drinks to get know us 1 .  Coffee 2 3 NITRO COLD BREW 4 Pink Drink Grande pump vanilla , hazelnut soymilk extra hot latte",2020-02-21 00:58:02,Twitter,23,"['5 drinks to get know us 1 .', 'Coffee 2 3 NITRO COLD BREW 4 Pink Drink Grande pump vanilla , hazelnut soymilk extra hot latte']",1,coffee nitro cold brew pink drink grande pump vanilla hazelnut soymilk extra hot latte,94,Negative,"['brew', 'coffee', 'drink', 'grande', 'hazelnut', 'latte', 'nitro', 'pink', 'pump', 'soymilk', 'vanilla']",brew|coffee|drink|grande|hazelnut|latte|nitro|pink|pump|soymilk|vanilla,5,latte,latte,5
"5 drinks to get know us 1 .  Coffee 2 3 NITRO COLD BREW 4 Pink Drink Grande pump vanilla , hazelnut soymilk extra hot latte",2020-02-21 00:58:02,Twitter,23,"['5 drinks to get know us 1 .', 'Coffee 2 3 NITRO COLD BREW 4 Pink Drink Grande pump vanilla , hazelnut soymilk extra hot latte']",1,coffee nitro cold brew pink drink grande pump vanilla hazelnut soymilk extra hot latte,94,Negative,"['brew', 'coffee', 'drink', 'grande', 'hazelnut', 'latte', 'nitro', 'pink', 'pump', 'soymilk', 'vanilla']",brew|coffee|drink|grande|hazelnut|latte|nitro|pink|pump|soymilk|vanilla,6,nitro,nitro,5
"5 drinks to get know us 1 .  Coffee 2 3 NITRO COLD BREW 4 Pink Drink Grande pump vanilla , hazelnut soymilk extra hot latte",2020-02-21 00:58:02,Twitter,23,"['5 drinks to get know us 1 .', 'Coffee 2 3 NITRO COLD BREW 4 Pink Drink Grande pump vanilla , hazelnut soymilk extra hot latte']",1,coffee nitro cold brew pink drink grande pump vanilla hazelnut soymilk extra hot latte,94,Negative,"['brew', 'coffee', 'drink', 'grande', 'hazelnut', 'latte', 'nitro', 'pink', 'pump', 'soymilk', 'vanilla']",brew|coffee|drink|grande|hazelnut|latte|nitro|pink|pump|soymilk|vanilla,7,pink,pink,4
"5 drinks to get know us 1 .  Coffee 2 3 NITRO COLD BREW 4 Pink Drink Grande pump vanilla , hazelnut soymilk extra hot latte",2020-02-21 00:58:02,Twitter,23,"['5 drinks to get know us 1 .', 'Coffee 2 3 NITRO COLD BREW 4 Pink Drink Grande pump vanilla , hazelnut soymilk extra hot latte']",1,coffee nitro cold brew pink drink grande pump vanilla hazelnut soymilk extra hot latte,94,Negative,"['brew', 'coffee', 'drink', 'grande', 'hazelnut', 'latte', 'nitro', 'pink', 'pump', 'soymilk', 'vanilla']",brew|coffee|drink|grande|hazelnut|latte|nitro|pink|pump|soymilk|vanilla,8,pump,pump,4
"5 drinks to get know us 1 .  Coffee 2 3 NITRO COLD BREW 4 Pink Drink Grande pump vanilla , hazelnut soymilk extra hot latte",2020-02-21 00:58:02,Twitter,23,"['5 drinks to get know us 1 .', 'Coffee 2 3 NITRO COLD BREW 4 Pink Drink Grande pump vanilla , hazelnut soymilk extra hot latte']",1,coffee nitro cold brew pink drink grande pump vanilla hazelnut soymilk extra hot latte,94,Negative,"['brew', 'coffee', 'drink', 'grande', 'hazelnut', 'latte', 'nitro', 'pink', 'pump', 'soymilk', 'vanilla']",brew|coffee|drink|grande|hazelnut|latte|nitro|pink|pump|soymilk|vanilla,9,soymilk,soymilk,7
"5 drinks to get know us 1 .  Coffee 2 3 NITRO COLD BREW 4 Pink Drink Grande pump vanilla , hazelnut soymilk extra hot latte",2020-02-21 00:58:02,Twitter,23,"['5 drinks to get know us 1 .', 'Coffee 2 3 NITRO COLD BREW 4 Pink Drink Grande pump vanilla , hazelnut soymilk extra hot latte']",1,coffee nitro cold brew pink drink grande pump vanilla hazelnut soymilk extra hot latte,94,Negative,"['brew', 'coffee', 'drink', 'grande', 'hazelnut', 'latte', 'nitro', 'pink', 'pump', 'soymilk', 'vanilla']",brew|coffee|drink|grande|hazelnut|latte|nitro|pink|pump|soymilk|vanilla,10,vanilla,vanilla,7
"My Starbucks today had surprise beautiful coloring , and message on the sleeve .  Many thanks to student at Clow Elementary who created this Such an important Really made my",2020-02-19 09:51:42,Twitter,24,"['My Starbucks today had surprise beautiful coloring , and message on the sleeve .', 'Many thanks to student at Clow Elementary who created this Such an important Really made my']",0,starbucks today surprise beautiful coloring message sleeve,80,Verypositive,"['coloring', 'message', 'sleeve', 'starbucks', 'surprise']",coloring|message|sleeve|starbucks|surprise,0,coloring,color,5
"My Starbucks today had surprise beautiful coloring , and message on the sleeve .  Many thanks to student at Clow Elementary who created this Such an important Really made my",2020-02-19 09:51:42,Twitter,24,"['My Starbucks today had surprise beautiful coloring , and message on the sleeve .', 'Many thanks to student at Clow Elementary who created this Such an important Really made my']",0,starbucks today surprise beautiful coloring message sleeve,80,Verypositive,"['coloring', 'message', 'sleeve', 'starbucks', 'surprise']",coloring|message|sleeve|starbucks|surprise,1,message,message,7
"My Starbucks today had surprise beautiful coloring , and message on the sleeve .  Many thanks to student at Clow Elementary who created this Such an important Really made my",2020-02-19 09:51:42,Twitter,24,"['My Starbucks today had surprise beautiful coloring , and message on the sleeve .', 'Many thanks to student at Clow Elementary who created this Such an important Really made my']",0,starbucks today surprise beautiful coloring message sleeve,80,Verypositive,"['coloring', 'message', 'sleeve', 'starbucks', 'surprise']",coloring|message|sleeve|starbucks|surprise,2,sleeve,sleeve,6
"My Starbucks today had surprise beautiful coloring , and message on the sleeve .  Many thanks to student at Clow Elementary who created this Such an important Really made my",2020-02-19 09:51:42,Twitter,24,"['My Starbucks today had surprise beautiful coloring , and message on the sleeve .', 'Many thanks to student at Clow Elementary who created this Such an important Really made my']",0,starbucks today surprise beautiful coloring message sleeve,80,Verypositive,"['coloring', 'message', 'sleeve', 'starbucks', 'surprise']",coloring|message|sleeve|starbucks|surprise,3,starbucks,starbucks,9
"My Starbucks today had surprise beautiful coloring , and message on the sleeve .  Many thanks to student at Clow Elementary who created this Such an important Really made my",2020-02-19 09:51:42,Twitter,24,"['My Starbucks today had surprise beautiful coloring , and message on the sleeve .', 'Many thanks to student at Clow Elementary who created this Such an important Really made my']",0,starbucks today surprise beautiful coloring message sleeve,80,Verypositive,"['coloring', 'message', 'sleeve', 'starbucks', 'surprise']",coloring|message|sleeve|starbucks|surprise,4,surprise,surprise,8
"My Starbucks today had surprise beautiful coloring , and message on the sleeve .  Many thanks to student at Clow Elementary who created this Such an important Really made my",2020-02-19 09:51:42,Twitter,24,"['My Starbucks today had surprise beautiful coloring , and message on the sleeve .', 'Many thanks to student at Clow Elementary who created this Such an important Really made my']",1,many thanks student clow elementary created important really made,91,Positive,"['clow', 'elementary', 'student']",clow|elementary|student,0,clow,clow,4
"My Starbucks today had surprise beautiful coloring , and message on the sleeve .  Many thanks to student at Clow Elementary who created this Such an important Really made my",2020-02-19 09:51:42,Twitter,24,"['My Starbucks today had surprise beautiful coloring , and message on the sleeve .', 'Many thanks to student at Clow Elementary who created this Such an important Really made my']",1,many thanks student clow elementary created important really made,91,Positive,"['clow', 'elementary', 'student']",clow|elementary|student,1,elementary,elementary,10
"My Starbucks today had surprise beautiful coloring , and message on the sleeve .  Many thanks to student at Clow Elementary who created this Such an important Really made my",2020-02-19 09:51:42,Twitter,24,"['My Starbucks today had surprise beautiful coloring , and message on the sleeve .', 'Many thanks to student at Clow Elementary who created this Such an important Really made my']",1,many thanks student clow elementary created important really made,91,Positive,"['clow', 'elementary', 'student']",clow|elementary|student,2,student,student,7
"When I pulled up to the window for my daily afternoon iced coffee at Starbucks , three baristas came and said Evan Its Hi We love And it was so cute pure .  Excuse me Im busy feeling LOVED BY RELATIVE STRANGERS",2020-02-18 00:10:00,Twitter,25,"['When I pulled up to the window for my daily afternoon iced coffee at Starbucks , three baristas came and said Evan Its Hi We love And it was so cute pure .', 'Excuse me Im busy feeling LOVED BY RELATIVE STRANGERS']",0,pulled window daily afternoon iced coffee three baristas came said evan love cute pure,155,Positive,"['afternoon', 'baristas', 'coffee', 'iced', 'window']",afternoon|baristas|coffee|iced|window,0,afternoon,afternoon,9
"When I pulled up to the window for my daily afternoon iced coffee at Starbucks , three baristas came and said Evan Its Hi We love And it was so cute pure .  Excuse me Im busy feeling LOVED BY RELATIVE STRANGERS",2020-02-18 00:10:00,Twitter,25,"['When I pulled up to the window for my daily afternoon iced coffee at Starbucks , three baristas came and said Evan Its Hi We love And it was so cute pure .', 'Excuse me Im busy feeling LOVED BY RELATIVE STRANGERS']",0,pulled window daily afternoon iced coffee three baristas came said evan love cute pure,155,Positive,"['afternoon', 'baristas', 'coffee', 'iced', 'window']",afternoon|baristas|coffee|iced|window,1,baristas,baristas,8
"When I pulled up to the window for my daily afternoon iced coffee at Starbucks , three baristas came and said Evan Its Hi We love And it was so cute pure .  Excuse me Im busy feeling LOVED BY RELATIVE STRANGERS",2020-02-18 00:10:00,Twitter,25,"['When I pulled up to the window for my daily afternoon iced coffee at Starbucks , three baristas came and said Evan Its Hi We love And it was so cute pure .', 'Excuse me Im busy feeling LOVED BY RELATIVE STRANGERS']",0,pulled window daily afternoon iced coffee three baristas came said evan love cute pure,155,Positive,"['afternoon', 'baristas', 'coffee', 'iced', 'window']",afternoon|baristas|coffee|iced|window,2,coffee,coffee,6
"When I pulled up to the window for my daily afternoon iced coffee at Starbucks , three baristas came and said Evan Its Hi We love And it was so cute pure .  Excuse me Im busy feeling LOVED BY RELATIVE STRANGERS",2020-02-18 00:10:00,Twitter,25,"['When I pulled up to the window for my daily afternoon iced coffee at Starbucks , three baristas came and said Evan Its Hi We love And it was so cute pure .', 'Excuse me Im busy feeling LOVED BY RELATIVE STRANGERS']",0,pulled window daily afternoon iced coffee three baristas came said evan love cute pure,155,Positive,"['afternoon', 'baristas', 'coffee', 'iced', 'window']",afternoon|baristas|coffee|iced|window,3,iced,iced,4
"When I pulled up to the window for my daily afternoon iced coffee at Starbucks , three baristas came and said Evan Its Hi We love And it was so cute pure .  Excuse me Im busy feeling LOVED BY RELATIVE STRANGERS",2020-02-18 00:10:00,Twitter,25,"['When I pulled up to the window for my daily afternoon iced coffee at Starbucks , three baristas came and said Evan Its Hi We love And it was so cute pure .', 'Excuse me Im busy feeling LOVED BY RELATIVE STRANGERS']",0,pulled window daily afternoon iced coffee three baristas came said evan love cute pure,155,Positive,"['afternoon', 'baristas', 'coffee', 'iced', 'window']",afternoon|baristas|coffee|iced|window,4,window,window,6
"When I pulled up to the window for my daily afternoon iced coffee at Starbucks , three baristas came and said Evan Its Hi We love And it was so cute pure .  Excuse me Im busy feeling LOVED BY RELATIVE STRANGERS",2020-02-18 00:10:00,Twitter,25,"['When I pulled up to the window for my daily afternoon iced coffee at Starbucks , three baristas came and said Evan Its Hi We love And it was so cute pure .', 'Excuse me Im busy feeling LOVED BY RELATIVE STRANGERS']",1,excuse im busy feeling loved relative strangers,53,Positive,"['excuse', 'feeling', 'strangers']",excuse|feeling|strangers,0,excuse,excuse,6
"When I pulled up to the window for my daily afternoon iced coffee at Starbucks , three baristas came and said Evan Its Hi We love And it was so cute pure .  Excuse me Im busy feeling LOVED BY RELATIVE STRANGERS",2020-02-18 00:10:00,Twitter,25,"['When I pulled up to the window for my daily afternoon iced coffee at Starbucks , three baristas came and said Evan Its Hi We love And it was so cute pure .', 'Excuse me Im busy feeling LOVED BY RELATIVE STRANGERS']",1,excuse im busy feeling loved relative strangers,53,Positive,"['excuse', 'feeling', 'strangers']",excuse|feeling|strangers,1,feeling,feel,4
"When I pulled up to the window for my daily afternoon iced coffee at Starbucks , three baristas came and said Evan Its Hi We love And it was so cute pure .  Excuse me Im busy feeling LOVED BY RELATIVE STRANGERS",2020-02-18 00:10:00,Twitter,25,"['When I pulled up to the window for my daily afternoon iced coffee at Starbucks , three baristas came and said Evan Its Hi We love And it was so cute pure .', 'Excuse me Im busy feeling LOVED BY RELATIVE STRANGERS']",1,excuse im busy feeling loved relative strangers,53,Positive,"['excuse', 'feeling', 'strangers']",excuse|feeling|strangers,2,strangers,stranger,8
Surround yourself with goodness .  CoconutmilkLatte,2020-02-17 22:30:01,Twitter,26,"['Surround yourself with goodness .', 'CoconutmilkLatte']",0,surround goodness,33,Neutral,['goodness'],goodness,0,goodness,goodness,8
"Weve got your Monday motivation in tall , grande and venti . ",2020-02-17 18:30:00,Twitter,27,"['Weve got your Monday motivation in tall , grande and venti .']",0,weve got monday motivation tall,60,Neutral,['motivation'],motivation,0,motivation,motivation,10
Music to our ears .  Best Valentines Day ever,2020-02-15 05:05:05,Twitter,28,"['Music to our ears .', 'Best Valentines Day ever']",0,music ears,19,Neutral,"['ears', 'music']",ears|music,0,ears,ear,3
Music to our ears .  Best Valentines Day ever,2020-02-15 05:05:05,Twitter,28,"['Music to our ears .', 'Best Valentines Day ever']",0,music ears,19,Neutral,"['ears', 'music']",ears|music,1,music,music,5
Music to our ears .  Best Valentines Day ever,2020-02-15 05:05:05,Twitter,28,"['Music to our ears .', 'Best Valentines Day ever']",1,best valentines day ever,24,Verypositive,"['day', 'valentines']",day|valentines,0,day,day,3
Music to our ears .  Best Valentines Day ever,2020-02-15 05:05:05,Twitter,28,"['Music to our ears .', 'Best Valentines Day ever']",1,best valentines day ever,24,Verypositive,"['day', 'valentines']",day|valentines,1,valentines,valentine,9
"isnt just about couples .  its love , something we need more of in this world .  Do for someone else today to spread Go visit a grandma or grandpa if youre still blessed have them Buy behind you coffee at Starbucks Spread",2020-02-14 19:24:10,Twitter,29,"['isnt just about couples .', 'its love , something we need more of in this world .', 'Do for someone else today to spread Go visit a grandma or grandpa if youre still blessed have them Buy behind you coffee at Starbucks Spread']",0,isnt couples,25,Neutral,['couples'],couples,0,couples,couple,6
"isnt just about couples .  its love , something we need more of in this world .  Do for someone else today to spread Go visit a grandma or grandpa if youre still blessed have them Buy behind you coffee at Starbucks Spread",2020-02-14 19:24:10,Twitter,29,"['isnt just about couples .', 'its love , something we need more of in this world .', 'Do for someone else today to spread Go visit a grandma or grandpa if youre still blessed have them Buy behind you coffee at Starbucks Spread']",1,love something need world,52,Positive,['world'],world,0,world,world,5
"isnt just about couples .  its love , something we need more of in this world .  Do for someone else today to spread Go visit a grandma or grandpa if youre still blessed have them Buy behind you coffee at Starbucks Spread",2020-02-14 19:24:10,Twitter,29,"['isnt just about couples .', 'its love , something we need more of in this world .', 'Do for someone else today to spread Go visit a grandma or grandpa if youre still blessed have them Buy behind you coffee at Starbucks Spread']",2,someone else today spread go visit grandma grandpa youre still blessed buy behind coffee spread,140,Negative,"['coffee', 'grandma', 'grandpa', 'spread']",coffee|grandma|grandpa|spread,0,coffee,coffee,6
"isnt just about couples .  its love , something we need more of in this world .  Do for someone else today to spread Go visit a grandma or grandpa if youre still blessed have them Buy behind you coffee at Starbucks Spread",2020-02-14 19:24:10,Twitter,29,"['isnt just about couples .', 'its love , something we need more of in this world .', 'Do for someone else today to spread Go visit a grandma or grandpa if youre still blessed have them Buy behind you coffee at Starbucks Spread']",2,someone else today spread go visit grandma grandpa youre still blessed buy behind coffee spread,140,Negative,"['coffee', 'grandma', 'grandpa', 'spread']",coffee|grandma|grandpa|spread,1,grandma,grandma,7
"isnt just about couples .  its love , something we need more of in this world .  Do for someone else today to spread Go visit a grandma or grandpa if youre still blessed have them Buy behind you coffee at Starbucks Spread",2020-02-14 19:24:10,Twitter,29,"['isnt just about couples .', 'its love , something we need more of in this world .', 'Do for someone else today to spread Go visit a grandma or grandpa if youre still blessed have them Buy behind you coffee at Starbucks Spread']",2,someone else today spread go visit grandma grandpa youre still blessed buy behind coffee spread,140,Negative,"['coffee', 'grandma', 'grandpa', 'spread']",coffee|grandma|grandpa|spread,2,grandpa,grandpa,7
"isnt just about couples .  its love , something we need more of in this world .  Do for someone else today to spread Go visit a grandma or grandpa if youre still blessed have them Buy behind you coffee at Starbucks Spread",2020-02-14 19:24:10,Twitter,29,"['isnt just about couples .', 'its love , something we need more of in this world .', 'Do for someone else today to spread Go visit a grandma or grandpa if youre still blessed have them Buy behind you coffee at Starbucks Spread']",2,someone else today spread go visit grandma grandpa youre still blessed buy behind coffee spread,140,Negative,"['coffee', 'grandma', 'grandpa', 'spread']",coffee|grandma|grandpa|spread,3,spread,spread,6
All you need is love .  And coffee,2020-02-14 23:30:00,Twitter,30,"['All you need is love .', 'And coffee']",1,coffee,10,Neutral,['coffee'],coffee,0,coffee,coffee,6
"Not sure who needs to hear this today , but you are loved . ",2020-02-14 21:30:01,Twitter,31,"['Not sure who needs to hear this today , but you are loved .']",0,sure needs hear today loved,59,Positive,['needs'],needs,0,needs,need,4
Ready to find your perfect match Perfect beverage that,2020-02-14 18:30:01,Twitter,32,['Ready to find your perfect match Perfect beverage that'],0,ready find perfect match perfect beverage,54,Positive,"['beverage', 'match']",beverage|match,0,beverage,beverage,8
Ready to find your perfect match Perfect beverage that,2020-02-14 18:30:01,Twitter,32,['Ready to find your perfect match Perfect beverage that'],0,ready find perfect match perfect beverage,54,Positive,"['beverage', 'match']",beverage|match,1,match,match,5
"today Well see you at two .  Get a treat for yourself and your too Buy any handcrafted drink , or larger get one free 213 from 27pm participating US Canada stores",2020-02-13 18:30:01,Twitter,33,"['today Well see you at two .', 'Get a treat for yourself and your too Buy any handcrafted drink , or larger get one free 213 from 27pm participating US Canada stores']",1,get treat buy handcrafted drink larger get one free pm participating stores,133,Positive,"['drink', 'pm', 'stores', 'treat']",drink|pm|stores|treat,0,drink,drink,5
"today Well see you at two .  Get a treat for yourself and your too Buy any handcrafted drink , or larger get one free 213 from 27pm participating US Canada stores",2020-02-13 18:30:01,Twitter,33,"['today Well see you at two .', 'Get a treat for yourself and your too Buy any handcrafted drink , or larger get one free 213 from 27pm participating US Canada stores']",1,get treat buy handcrafted drink larger get one free pm participating stores,133,Positive,"['drink', 'pm', 'stores', 'treat']",drink|pm|stores|treat,2,stores,store,5
"today Well see you at two .  Get a treat for yourself and your too Buy any handcrafted drink , or larger get one free 213 from 27pm participating US Canada stores",2020-02-13 18:30:01,Twitter,33,"['today Well see you at two .', 'Get a treat for yourself and your too Buy any handcrafted drink , or larger get one free 213 from 27pm participating US Canada stores']",1,get treat buy handcrafted drink larger get one free pm participating stores,133,Positive,"['drink', 'pm', 'stores', 'treat']",drink|pm|stores|treat,3,treat,treat,5
Its almost the day .  No time left to wait Send right message your valentines date Dragon DrinkLOML Pink DrinkBFFL DrinkAll for me,2020-02-12 19:30:00,Twitter,34,"['Its almost the day .', 'No time left to wait Send right message your valentines date Dragon DrinkLOML Pink DrinkBFFL DrinkAll for me']",0,almost day,20,Neutral,['day'],day,0,day,day,3
Its almost the day .  No time left to wait Send right message your valentines date Dragon DrinkLOML Pink DrinkBFFL DrinkAll for me,2020-02-12 19:30:00,Twitter,34,"['Its almost the day .', 'No time left to wait Send right message your valentines date Dragon DrinkLOML Pink DrinkBFFL DrinkAll for me']",1,time left wait send right message valentines date dragon drinkloml pink drinkbffl,108,Positive,"['date', 'dragon', 'drinkbffl', 'drinkloml', 'message', 'valentines', 'wait']",date|dragon|drinkbffl|drinkloml|message|valentines|wait,0,date,date,4
Its almost the day .  No time left to wait Send right message your valentines date Dragon DrinkLOML Pink DrinkBFFL DrinkAll for me,2020-02-12 19:30:00,Twitter,34,"['Its almost the day .', 'No time left to wait Send right message your valentines date Dragon DrinkLOML Pink DrinkBFFL DrinkAll for me']",1,time left wait send right message valentines date dragon drinkloml pink drinkbffl,108,Positive,"['date', 'dragon', 'drinkbffl', 'drinkloml', 'message', 'valentines', 'wait']",date|dragon|drinkbffl|drinkloml|message|valentines|wait,1,dragon,dragon,6
Its almost the day .  No time left to wait Send right message your valentines date Dragon DrinkLOML Pink DrinkBFFL DrinkAll for me,2020-02-12 19:30:00,Twitter,34,"['Its almost the day .', 'No time left to wait Send right message your valentines date Dragon DrinkLOML Pink DrinkBFFL DrinkAll for me']",1,time left wait send right message valentines date dragon drinkloml pink drinkbffl,108,Positive,"['date', 'dragon', 'drinkbffl', 'drinkloml', 'message', 'valentines', 'wait']",date|dragon|drinkbffl|drinkloml|message|valentines|wait,2,drinkbffl,drinkbffl,9
Its almost the day .  No time left to wait Send right message your valentines date Dragon DrinkLOML Pink DrinkBFFL DrinkAll for me,2020-02-12 19:30:00,Twitter,34,"['Its almost the day .', 'No time left to wait Send right message your valentines date Dragon DrinkLOML Pink DrinkBFFL DrinkAll for me']",1,time left wait send right message valentines date dragon drinkloml pink drinkbffl,108,Positive,"['date', 'dragon', 'drinkbffl', 'drinkloml', 'message', 'valentines', 'wait']",date|dragon|drinkbffl|drinkloml|message|valentines|wait,3,drinkloml,drinkloml,9
Its almost the day .  No time left to wait Send right message your valentines date Dragon DrinkLOML Pink DrinkBFFL DrinkAll for me,2020-02-12 19:30:00,Twitter,34,"['Its almost the day .', 'No time left to wait Send right message your valentines date Dragon DrinkLOML Pink DrinkBFFL DrinkAll for me']",1,time left wait send right message valentines date dragon drinkloml pink drinkbffl,108,Positive,"['date', 'dragon', 'drinkbffl', 'drinkloml', 'message', 'valentines', 'wait']",date|dragon|drinkbffl|drinkloml|message|valentines|wait,4,message,message,7
Its almost the day .  No time left to wait Send right message your valentines date Dragon DrinkLOML Pink DrinkBFFL DrinkAll for me,2020-02-12 19:30:00,Twitter,34,"['Its almost the day .', 'No time left to wait Send right message your valentines date Dragon DrinkLOML Pink DrinkBFFL DrinkAll for me']",1,time left wait send right message valentines date dragon drinkloml pink drinkbffl,108,Positive,"['date', 'dragon', 'drinkbffl', 'drinkloml', 'message', 'valentines', 'wait']",date|dragon|drinkbffl|drinkloml|message|valentines|wait,5,valentines,valentine,9
Its almost the day .  No time left to wait Send right message your valentines date Dragon DrinkLOML Pink DrinkBFFL DrinkAll for me,2020-02-12 19:30:00,Twitter,34,"['Its almost the day .', 'No time left to wait Send right message your valentines date Dragon DrinkLOML Pink DrinkBFFL DrinkAll for me']",1,time left wait send right message valentines date dragon drinkloml pink drinkbffl,108,Positive,"['date', 'dragon', 'drinkbffl', 'drinkloml', 'message', 'valentines', 'wait']",date|dragon|drinkbffl|drinkloml|message|valentines|wait,6,wait,wait,4
Just a reminder . ,2020-02-11 18:30:00,Twitter,35,['Just a reminder .'],0,reminder,17,Neutral,['reminder'],reminder,0,reminder,reminder,8
The votes are in,2020-02-08 05:51:00,Twitter,36,['The votes are in'],0,votes,16,Neutral,['votes'],votes,0,votes,vote,4
Amount of snow falling outside Cold Brew sipped,2020-02-07 19:59:03,Twitter,37,['Amount of snow falling outside Cold Brew sipped'],0,amount snow falling outside sipped,47,Negative,"['amount', 'snow']",amount|snow,0,amount,amount,6
Amount of snow falling outside Cold Brew sipped,2020-02-07 19:59:03,Twitter,37,['Amount of snow falling outside Cold Brew sipped'],0,amount snow falling outside sipped,47,Negative,"['amount', 'snow']",amount|snow,1,snow,snow,4
"Sometimes its not the destination , but journey .  The nominees for Best Way to Order are",2020-02-07 04:30:13,Twitter,38,"['Sometimes its not the destination , but journey .', 'The nominees for Best Way to Order are']",0,sometimes destination journey,49,Neutral,"['destination', 'journey']",destination|journey,0,destination,destination,11
"Sometimes its not the destination , but journey .  The nominees for Best Way to Order are",2020-02-07 04:30:13,Twitter,38,"['Sometimes its not the destination , but journey .', 'The nominees for Best Way to Order are']",0,sometimes destination journey,49,Neutral,"['destination', 'journey']",destination|journey,1,journey,journey,7
"Sometimes its not the destination , but journey .  The nominees for Best Way to Order are",2020-02-07 04:30:13,Twitter,38,"['Sometimes its not the destination , but journey .', 'The nominees for Best Way to Order are']",1,nominees best way order,38,Verypositive,"['nominees', 'order']",nominees|order,0,nominees,nominee,7
"Sometimes its not the destination , but journey .  The nominees for Best Way to Order are",2020-02-07 04:30:13,Twitter,38,"['Sometimes its not the destination , but journey .', 'The nominees for Best Way to Order are']",1,nominees best way order,38,Verypositive,"['nominees', 'order']",nominees|order,1,order,order,5
"Whether in a drink or snack , we all have favorite flavor .  The contestants this Flavor FaceOff are",2020-02-07 03:30:42,Twitter,39,"['Whether in a drink or snack , we all have favorite flavor .', 'The contestants this Flavor FaceOff are']",0,whether drink snack favorite flavor,59,Positive,"['drink', 'flavor', 'snack']",drink|flavor|snack,0,drink,drink,5
"Whether in a drink or snack , we all have favorite flavor .  The contestants this Flavor FaceOff are",2020-02-07 03:30:42,Twitter,39,"['Whether in a drink or snack , we all have favorite flavor .', 'The contestants this Flavor FaceOff are']",0,whether drink snack favorite flavor,59,Positive,"['drink', 'flavor', 'snack']",drink|flavor|snack,1,flavor,flavor,6
"Whether in a drink or snack , we all have favorite flavor .  The contestants this Flavor FaceOff are",2020-02-07 03:30:42,Twitter,39,"['Whether in a drink or snack , we all have favorite flavor .', 'The contestants this Flavor FaceOff are']",0,whether drink snack favorite flavor,59,Positive,"['drink', 'flavor', 'snack']",drink|flavor|snack,2,snack,snack,5
"Whether in a drink or snack , we all have favorite flavor .  The contestants this Flavor FaceOff are",2020-02-07 03:30:42,Twitter,39,"['Whether in a drink or snack , we all have favorite flavor .', 'The contestants this Flavor FaceOff are']",1,contestants flavor faceoff,39,Negative,['faceoff'],faceoff,0,faceoff,faceoff,7
